contig	nb-merged-kmer	tag	SRR18899790	SRR18899791	SRR18899792	SRR18899793	SRR18899794	SRR18899795	SRR18899796	SRR18899797	SRR17983912	SRR17983913	SRR17983914	SRR17983915	SRR17983916	SRR9007542	SRR9007544	SRR9007547	SRR9007562	SRR11586868	SRR10030980	SRR11586869	SRR10030981	SRR9007565	SRR10030982	SRR10030983	SRR9007568	SRR18899788	SRR18899789	SRR9007550	SRR9007552	SRR9007539	SRR9007554	SRR9007556	SRR9007571	SRR9007559	SRR10030979	SRR9007575	SRR17983917	D1547T201	D1547T202	D1547T203	D1547T204	D1547T205	D1547T206	D1547T211	D1547T212
AAAAAAAAAAAAAAAAAAAAAAATGGAAAGCAACTCATCTGACAGAAGTAGTTGCCAAGGAAACAGGTCCTTTATTGGAAGGAATATAAATTGTAGTCTGTTAGATCAGAGTTCAGTTGCAAATAACGGAATTTACTCTAGCTATTTAAAGCAAGAATAGGTTTATTTCGGGGCACTAAACTGACTACCTAAGTGTAGGAAGGATTGAGAAGACTGCCATTTGAGCTGTCAGTAATGACTTCAAAGCCACACAGCAGAGCCACACCGCTTAGGGAGCTGCTGCCTCTCCTGTGACCAGGAACTGCACTGCCACTCCCACAGTCTGAAAAACTGCTGTGATCAGGGTGCTACTTTTGCTACCAGCTGCAGACCCATGCATGCCACATCTGCTAGGATGCATAACAACATGGATGCTTGTACCTTGCCTCTTGGTGTTCACAAATCTAGTAGCTGGACACTAGAGCCATAATAAGATGACTACAAAGAACCCAGCTCCATACGTCCATATCTGCTTGCCAGGAGGCACAGAGCTCTGTTTCACTTCCTTCTTTCAAATCTCATGTAAATACTAATTGAACCCAAACCCCATTCAGAACGAAGCCTGCAGTGGAGTCTGTGACACATGGTCTTTCGCTTTCCTCAGCAGTGCAGGGAGACACACCAGAAGGTAGCTGTGTCACCCACATAGCTATCAAACATTTAGGCCAGCTGTATCAAAATGGGAAAAAGAAATAATTTTCTGAATAAAATCAGAGAATATTTCCTCTTCAAGGGTTCTTTGCAATCCATCAACTCCCAAATGGTTCACAGATAGAATTCAAAGAGTTCCTAGAGATGGCAAGGAATTAATTACATATATATTTTAACTAACTTCGGACTGAAATTTAGTATTTCTTTAAATTATGAGTGTGGGGAAGACACTGCACAGTAGTGTGAGCAGTAGCTGTGACTATCACAATAGAATTCATAAATACCTTTACATCTTATGGTGATCTCAAAATACCATTTATTCTGAACATCACTAATAGACTTTCTACTA	547	AAAAAAAAAAAAAAAAAAAAAAATGGAAAGC	1.20035	0.411092	3.67809	0.868406	0.168569	0.550597	1.38555	1.10028	2.02179	2.62019	0.589381	0.283037	2.76134	3.20413	1.89567	13.4036	0.223942	2.17457	0.0597671	3.11183	0	4.21913	0	0.731511	1.27346	0.196406	0.141015	2.21181	1.59753	1.23032	1.94365	0.399354	0.675543	0.525276	0	2.31444	1.47255	4.92031	5.27885	0.351983	0.305513	0.266631	0.264749	11.5206	10.1275
AAAAAAAAAAAAAAAAAAAAAAAGAGGGCTGACTTTCAGGGCATAGGCACTAGAAATGAAAAGGAAGGAGTGGAAACAAAATATGTCACACAGAAGAAGAGTAGGACATGAGAACTGAATGCCTGAATGCATGATAGAGGCCAGGGAGGCGGGTGTCCATGAGGACCAAGATTTTGAGCCTGGATGCTTTAAAGGATGATGATGCCATTAAGAGAATTAAGGGACATTTGGTGGCAAAGGCTGTCTTTCAAAACTGTTCATCTTGATGCTTATGCTGCTGACACACGGAGAAGACTCCAGAGAGGGAGCAAGGCCCACTGGTATGAGTCCCAGGCAGGAGCCCAGGCTGGGTTTTAATCTCAGTAGGATCAAGGTTTGGCTGATATAAGTAACTCACTTAAGTTTCTGTTGGGTACAGTAGAACGTCTCCATTCAGCAACGTGCAAGCATCATTTTAAATAACTGATTTCAAGTTTGCGTTCTGAGCACTATATCCAGGAAATGGGTCAGGGAAGAAAACCCACTCCTGAAGGAATGTGAATCTTTTGGGAAGCCTTTAGCTGCTGAATCAGAAAACCCACTGCAAAATTAATGACTTAAACAATAATAATAATCTCACACAGTGAGCCATGCAGGGGTAGGTGAGGCTTGAGGCCTGGCCCATCAGGAGTTGGCTCTGCTTCCTCTTGGTCCTCTTGGCTCCATCCTGGGTGCTTCTGGGAATCACATCCGCACCACACCATCCAGCACAAGAAGCACCAATTCTGCCTGGGTTTCTCTTCGTGCTAATATGGAATTATTTACCAGA	387	AAAAAAAAAAAAAAAAAAAAAAAGAGGGCTG	1.51618	1.10677	3.02414	0.274323	1.05052	1.59565	0.714595	0.826119	2.16777	3.03154	1.09812	0.315971	2.18956	0.625937	2.92267	3.56014	0.177564	1.36589	0	1.4069	0.0129921	2.65693	0.145588	0.601417	1.8042	0.734592	0.53151	1.56803	1.33923	0.621887	1.64355	0	42.6526	0.440637	0.187019	0	1.28664	2.60227	1.86142	0.0782711	0.00115153	0.00141148	0.0929705	1.11245	1.54145
AAAAAAAAAAAAAAAAAAAAAACAAAGCAACTAAACTTAGAAGTTGTAGGCCTTTTGGAAATGACCACACACTGTGTAAAGATTTAAGTTCTGCAATGTTTGGTTTATGGCTCTAGTCCTTAAACAAAACATTAGAGCAAAAACCAAAAGCACAAAAGGACCCTTACAACTGCTTTTGGAATGCAGTGGCATAACATTTCCCCTTACTTTTATTAAAAAAAGAAAGATGCAATTTTCTTAGAAAGTCCTTGCTTTAAGTGTCAAACTTTACAGTCACTAAGGATCTAGGTGCTACTATTCTCCTGTCCAGGTGATGCTAGAAATGGAAAGAAGAGCTTCTGGAAGGGGGCTGGCTGCCTCAATCCTCCAGTGCCCCAGGCCTGACACTCTGTGGGTATACAATAGGCACTCCATAAAAGTCCCTTAAGAAGGTCCCTTAAATAAATGAATGATGATAAAAATGGATGCATACCAAGTGTACTGATTTTTTTTTAAATAATGTTCCATATGCTTTTACAATATGAAAAATACTTTTTCACTTATAATCCCCTTCGATCTTCCCAATGACCCAACAAGGTAGGGAATTGTTTGCCTATGGCTTATCTAAAGTTACTCAGAAAAATGATGGGATTTAACTTACTCTCCAGAGTTGGAGTTCTCTTTTATGTTGCCATGAACATTAAATGTGCTTAATATATGTTCATTTAGTGCAGTGGTGCTCAACTGGATGTAATTTTATCCCTCAGAGGACATTTAGTAATGTCTGGGCATATTTTTGGTTGTCACTCTAGGGCAGCTGGAGTAGTGTATTGCTATTAACATCTAGTGGGTGGAGGACAGGGCTGATGATCAATATCCTACAATGCACAGACCAGACACCCCCAGCCTACCTTACTACTTCAAAAAAAATTATCTGGCCCCAATTGTCAATAATATCCATGCCCAAACACTGGTCTAAACAACAAATGGGGCCTCGCATGGTCTCTCAAAAGTTTGTAATCCCAGCACTTCGGGAGGCTGA	504	AAAAAAAAAAAAAAAAAAAAAACAAAGCAAC	3.13212	2.00184	1.8072	2.62468	1.81038	3.09233	3.54762	1.71849	8.90152	5.64875	4.71027	1.58082	7.56436	6.88902	8.06482	7.85011	0.04446	1.50399	0.922451	1.53362	0	2.45665	0.248034	2.26157	12.7388	1.85725	0.461567	4.43906	1.47675	5.75677	6.76498	0.4307	18.9244	2.75312	2.56243	4.46119	5.55845	6.89113	5.49685	0.000823301	0	4.04046	2.41202	10.2699	7.31359
AAAAAAAAAAAAAAAAAAAAAGAACATTAGACAGTAACCTGAGAAATAAAGAACACTAATAAAGGAAAATATATAGGCAAATTTAAAAAAGGAATAGTAATGTTATTTTTGGCTTGTAACTCTTCTTTTTAAAATATGATTTAACAGATGGCTGCATAAAAATTATTACAAATACACACTGATGAGCACATAATGTATAAAGATATAATCTGTGACAATAACAAGATAAAGTGGTGGACAGAACTATATAAGAGCAAAGTTTTTATATATCATTGAAACTAAGTTGGTATTAAGTTAAACTAGATTGTTATAAATTAAGATGTTAATTGTAAACCACGGGGCAACCACTAAGAAAATACTATTTAAATTTGTACTAAAGGGAATTAAAATAATACACTAGAAAATATTTACTTAACATAAACAGGAGATTACTTTTAGATCCAATTACACAAATAGGTTGAAAATAGAAGGATAGAAAAGGATAACCCATGCAAACAGTAACCAACTGCAGTGGCTATATTAATATCGGATAAAACAGACTTTAAGACAAAAATTGTTATAAGGGACAAAGAAAAACCTTATATAATGATAAAAGAGTCAAACCATCAAGAAGATACAACAATTATAAGCATATATGAACCTAACAATAGAGCCCCAAATATATGAGGAAAAAAACTAACAAAATTGAGGGAGAAATAGCTCTACAATAATTGTTGGAGACAGCAATACTCCATTTTCAATAACAACAGAACAACTAAACAGAAGATCAACAAGAAAACAGAAGACTTAAAAAATACTATAAAGCAACTATACCTAACGGACATATACAGGACAGTTTACCCAACAGTAGCAGAAAGTGTATTCTTCTCAAGCACATGTGGAACATTCTTTAGGATACATATTAGGCCACAAAACAAGTCTTAATAAAT	588	AAAAAAAAAAAAAAAAAAAAAGAACATTAGA	1.25113	3.70219	2.5495	1.63922	0.918791	0.809497	4.73131	1.38021	0.625187	0.889829	8.49437	0.283622	1.82443	4.41856	3.68238	6.69581	2.36781	2.53935	0.498954	2.46087	0	11.2553	0	0.637124	5.51537	2.12507	0.696516	1.45862	8.97321	5.61466	9.60346	5.82262	4.56851	6.41598	0.45902	6.36176	1.04948	3.62306	3.37572	3.85729	2.5541	2.06606	2.28697	33.218	34.6072
AAAAAAAAAAAAAAAAAAAAAGACAAAGTTAAATGCTAGCCAAATCACAATAACAATCATCAATAAGGTTTGAATACATATATATGCAGTCTTTCTTTAGAAATATCAGAATAATAACGTGATATTCCACAGAACTTCACATGAACACGATGTATTTTTACACCGAAACAAAATACGTGTCATATATGTTCAACTTAAATTTCTTCTGGCTATGTTTGTCTTAACATTTTTATACATGGCATATACACATGCATGAGTGTGAATGCATTCACACCAATGACTACAGAACTTGTAATAATGATTATAAACCAGGAAAAAAATTGTAAATTATGTAACTGAGGTACTATAGTTCTGTCATGAAATATAATCAAAATTTTTTTGCATGTAAGTTAACAAATGTCAATCTATAAAACCAGTAACAGGGATTAGGCATCTACTAGGAATTTCAAGACTAAAATAATCAATC	244	AAAAAAAAAAAAAAAAAAAAAGACAAAGTTA	0.467164	3.20037	4.3213	1.63514	1.97366	1.99391	2.90121	2.15325	0.32021	1.40044	4.57862	0.59388	1.47325	9.33404	2.79154	1.57155	5.32034	0.844137	0	1.02255	0.0103032	2.3234	0	0.00653348	13.0286	1.61219	0.0100358	3.44754	50.8429	4.49796	1.66713	1.27252	0.214082	3.17846	0	5.3646	3.14651	0.471425	0.0765495	1.17681	1.02461	0.667132	0.48108	0.556547	0.853411
AAAAAAAAAAAAATTAATACAAAATTTTTAAAAAGGGCCATACTGCCTAAAGCAATTTATAGA	27	AAAAAAAAAAAAATTAATACAAAATTTTTAA	5.71733	6.56579	4.02046	4.16971	3.35298	2.21533	4.12278	3.06377	14.2814	2.06083	1.7368	6.90167	6.84947	4.13404	16.1516	0.38533	0	5.06499	0.0471754	2.8417	0	25.5591	1.30422	10.5097	2.4339	4.95851	0	2.29913	9.93265	20.1797	21.2293	2.49333	81.5785	61.7738	5.33328	7.21367	1.18743	2.80395	0.411328	0	0	1.09249	2.04883	33.3298	26.4448
AAAAAAAAAAAACCTTTTGGAGGGCAAAATTTTCCTAT	8	AAAAAAAAAAAACCTTTTGGAGGGCAAAATT	0.63093	1.18977	1.2645	3.95025	1.78127	0	5.32659	0	0	0	0	0	0	0	0	0	0	0	0	0	0	0	0	0	0	2.20378	0	0	3.01328	0	0	0	0	0	0	2.86425	0	0.586876	0	0	0.445642	0	0.618399	0.492019	1.1528
AAAAAAAAAAAATCTAATAGATATTAAGTACTTGTACTGTCATGTATGGGTTGATGACAGAGATACATTCTGAGAAATGCATCATTACGTGATTTTGTCATTGTGCGAAAAATCATAAAGTACACTTACCTACTACCTAGGCTAGATGATAGTCTGTTGCTCCTAGGATACGAACCTGTATAGCATGCTACTGTACTGAA	91	AAAAAAAAAAAATCTAATAGATATTAAGTAC	1.42826	0.915211	2.56106	2.81618	0.782977	0.0555462	1.35225	1.76401	0	1.70616	0	0	2.14903	4.54097	0	1.14329	0.541728	0.208552	0	0.0437183	0	0	0.986761	0	0.595769	0	2.42856	1.99079	0.662259	0.440788	0.873703	0	0	0	0	0	0.701508	1.967	1.37021	11.892	14.5789	3.43953	1.70507	2.76288	4.41118
AAAAAAAAAAAATTAACTTTTGTGTATCACAAGCATTAGAAACAAAATGTAAAGTTAATGTAGAAAAATTGCCTCAAGTGACAGAAAAAAATGTTTAAAGCCTGTAATATAGAAATTACTTACATAAATCTAAAGGGAAGGTCATTTATATCTCAATAGAAAAATTAGCCAAAGGAAAGATATAGAACCTGCACAGAAGAAATACATGCAGCCAAGTAGCTATAGGGGAAATGTTTAACTTACGGGTAATCAAACAAATGCAAAGTAAAATGAGATGTCAGTTTTCCTCTATGAAGTAACCCAGTGGGGACTGTGTTAAGAAAGATACATTTCTAAATTGCTGGGGGGAGTGTAGCTAGAAATAGCTTTTCTGTCACACAGTTTGAAGAGGCTTAACTATGTACAAATCTTTTGACCCAATAGGTCCACCTCTGGAAATCCAGCTTAAGGAGATCGTCAGAAATGCATCCCATATATATGCAAAGATATTCATTAATCATAAGTCAGAAAAATGTGAAAAAATTAAATACCCAGCAATAGAGGAAACAGTAAATTATAG	314	AAAAAAAAAAAATTAACTTTTGTGTATCACA	1.73071	0.887907	0.874802	0.416727	2.25312	1.89283	1.202	0.800302	1.16805	2.10717	2.50403	0.196739	2.58411	2.62447	1.54756	3.37488	1.8697	1.36879	0	0.856128	0	1.59727	0	0	0.899922	2.72665	2.19918	1.52912	0	1.90907	3.86876	0.37191	1.88845	0.528199	0	3.97712	2.89323	0.906484	1.28615	0.49952	0.618791	2.95737	4.18806	12.382	10.1283
AAAAAAAAAAAATTATTTGAAAATAATGTATTTAATAAGCCAGATTGTTTGACCTATAGAATTTTCCATATTCTGGATTTTCCTAATTACATCCCTGAAGTGTTGTTTATCTCTGCAGGATACCCTTAATTTCTGGATGATCATGTGTTCCTGATGGTCA	64	AAAAAAAAAAAATTATTTGAAAATAATGTAT	3.37154	9.62973	8.51714	0.223745	9.85594	0.355409	0.529941	0.146719	0.144915	0.62051	0.907563	0	0.356786	0	0	0.325122	0	0	0	0	0	0.962395	0	0	0	10.3044	0	0	0	0	0	0	0	0	0	0	0.762501	0.165059	0.0946525	0.602966	1.03751	0.238981	0.393527	2.06033	0.561231
AAAAAAAAAAAATTCAGGCTGGTTTTTGGAAAAAAA	6	AAAAAAAAAAAATTCAGGCTGGTTTTTGGAA	0.21031	1.38807	0	4.44402	0.349269	0.421226	0	0.298096	1.03051	0	1.02135	1.27111	0.226083	2.37488	2.76885	0	0	0	0	1.13668	0	7.54204	0	0	0	0	0	0	0	0	1.23267	0	0	2.33598	0	0	0.283721	0	0.504813	0.414944	0	0	0	0.410016	0
AAAAAAAAAAAATTTACTGGGGTATCATTAGAATAATAAAAACCAAATGTCAATCTTAAAAACTAGTAGAAGATAAATACATTTACTCAGAGCATAAAGCAATAAAACCTAAGCCATAGAGAAAACAACAAAAAAGGAAGAGTAAAATAGTAAGTTGTTAGATGA	94	AAAAAAAAAAAATTTACTGGGGTATCATTAG	0	0.451439	2.15648	1.99614	1.73891	2.42877	5.0236	0	0.0388682	0.25062	2.00681	0	0	1.89485	0	4.37976	0	0	0.352311	0	0	1.6448	0	2.96787	1.55549	0	0.54706	0	1.53869	0	5.72402	0	0.154362	0	0	5.2105	0.102622	1.89798	2.54017	0	0	0	0	5.81525	7.65779
AAAAAAAAAAAATGCACTGAGGGACCTGAAATTCAACTTTCTCAGGTTAACACCTTTTTGCTTTTCACGTGTGTATGAACATGAGAATGGTTTTTACAGTCTGATGGCAGATGTAAACATCTAAATGTCACCATGTATTTCCAGTTTCTGCAAGCCTTCATTCTGAATTCTC	58	AAAAAAAAAAAATGCACTGAGGGACCTGAAA	3.45198	0.191458	0	1.78783	0.332408	0	0	0.986802	0.639626	0.572517	3.05947	3.0945	0.222185	4.7088	0.143216	2.69067	0	0	0	0	0	0	0	1.42926	2.29436	0	0	0	0	0.365001	0.127517	0	0	0	0.363961	0	2.02029	5.85864	5.82275	0	0	0	0.255889	14.4213	12.662
AAAAAAAAAAAATGTGTTTACCCATTTTCCCTTTGGTATCCATGAATGCTACATGTTGATTGTTTTCCTAAGACAGTATCATGGGGAGTGGCTTCAAGATGTCTGACTAGATGCCTCTGGTCTTCTCCTCTTCCATGGAGAGAAACCAGATAGAAGACGGGTAGTACCTGAAG	72	AAAAAAAAAAAATGTGTTTACCCATTTTCCC	12.6537	2.28591	3.71784	2.58549	2.81744	2.33429	2.86259	5.96192	30.8918	3.8142	3.16768	2.47161	18.8779	4.55185	23.1699	3.63311	5.80944	9.74494	3.77994	11.7693	1.15224	53.1783	11.1266	20.6799	22.1104	4.30808	0	4.11732	13.6016	39.4154	13.0457	1.4502	240.047	56.9395	8.80619	0	4.2637	2.93438	2.41889	0.397655	0.179495	0	0.274844	42.5597	43.3008
TATGTATGTATGTATTTATTTATTTATTTACATTTGGAAACAGGGTCTC	10	TATGTATGTATGTATTTATTTATTTATTTAC	0	1.82432	6.80885	0.0493782	0.251474	0	0.869647	0.0894289	0	0	2.77097	0	2.26083	0	3.5995	0	0.149386	0	0	0.0568338	0	0.251401	0	0	0	3.30567	0	0	0	2.22843	0	0	0	1.63518	0	0.286425	1.04977	0	0.908663	0	0	0	0	0	0
TAGCGCACTACAGCCCAGAACTCCTGGGGTCACGCG	6	TAGCGCACTACAGCCCAGAACTCCTGGGGTC	15.2124	9.38599	10.116	29.2154	7.54421	24.0801	10.7981	25.3382	2.52943	5.87088	1.9983	2.79645	4.78542	60.5593	45.9168	44.0927	17.6773	91.2629	170.186	92.1656	3036.03	65.5738	1365.13	2610.45	43.5363	4.13208	10.3051	17.9473	84.3717	25.4412	107.858	54.9552	19.0242	67.7434	705.166	318.886	1.60775	6.1622	2.35579	1.31399	1.26265	4.46098	3.82282	0.656026	3.88311
TAGTAGAGAGAGGGTTTCACCATGTTGGTGAGGCTGGTC	6	TAGTAGAGAGAGGGTTTCACCATGTTGGTGA	0	4.29642	0	0.164593	0.838246	0	3.04378	1.78858	0	0	3.10847	0	1.3565	0	00	0	0	0	0	0	0	0.586897	2.92264	0	0	3.06093	1.26687	0	0	0	0	0	0	0.125653	0	0.898451	2.3475	1.09376	0	0	0	0	0.492019	0
TCAAGATGGATTAAAGACTTAAATGTTAATCCTAAAACCATAAAAACCCTAGAAGAAA	19	TCAAGATGGATTAAAGACTTAAATGTTAATC	1.68248	0.459211	1.31057	0.311862	2.82356	4.38961	1.87661	5.201	0.872727	0.425113	1.23404	0	0.226083	0	4.59045	1.48627	0	0	0	0	0	0	0	0	0	11.5118	2.3843	1.26687	0	0	0	0	0	0	00	0.283721	0.463323	0	0	0	0	0	2.51189	4.93053
TCACATTAGAATATTTTATAACTCTTTTATCCCTCCTGAACATCTGTGAACTGGAAAGAATATAGTATACTACAGAAACAATCCATTTAAAGAAAAACAATTAAAATGAAAACTACTTCCATTTCTGTGGCATAAAACTCTAATTCTCTCTCCTTTGCAATTTTATTACCAACCTGACATGATATAGTCACAGCTTCACTTACACACAATGTTAATTTTACTCATATGCTACTTAATCTTCAAAACATTGCAGAATAACATTTTTCTTTAGTAATTTATCATTTACTAGGATAAGGCAATGTGTTTAGAGGATGTTAGAGTTTTTTAAAAGTTTGCATTTATCTCAGTCCTGAAATGTGCTCTGGGTGCTATTAAAATATATCATTTATACACTTTCACATTTAACTATATTAACTATACCTTAACTAGACATTTATTAAGAGCAGCATATTTATTTCCCATTCAGGACTTTTTAAATCTGCAAAGTCAGCTCTATGGAAATGAACAATTTTTGCCGGCCTTAC	270	TCACATTAGAATATTTTATAACTCTTTTATC	0.074777	3.47679	4.04207	2.43233	0.661282	1.41813	0.582985	0	0.278965	2.05003	6.46857	0	0.351683	3.03457	0	3.90284	0	0	0	0	0	7.49547	0	0	3.09714	1.90178	0	3.95545	0	0.685036	3.24602	0	1.00316	0	0	13.6211	0	3.25607	3.58604	0	0	0	0	10.367	12.6723
AAAAAAAAAAAAAAAAAAAAAAAAACTCCCGTGCTGATCAGTA	4	AAAAAAAAAAAAAAAAAAAAAAAAACTCCCG	0.420621	0.0991478	0.486346	2.34546	0.104781	0.210613	0	0.447145	0.491833	1.57056	0.599491	0.635556	1.52606	2.96859	8.30655	2.97255	3.73464	2.65137	21.5475	2.41544	142.668	10.056	194.557	145.468	17.2502	2.47925	2.60179	3.48388	6.02655	5.57108	3.698	8.58674	6.77134	29.1997	105.172	53.7048	0.425582	0.293438	0.126203	0.311208	0	0.273121	0	0.123005	0.364042
